id,username,password,email,verified,profileimg,
1,ziyan,RcQfeWxkssMUGPSHJNHS^_]VctPAXwMiEM[UOuFMtK^^WDVueo\JLDsqA_mn,ziyan@gmail.com,1,,
2,harshith,QU_XcQQc_UqP\rawrLxQiXMGFcgGCZQ\^DxFarItCMBhBgoIsnnZGL\veDvL,harshith@gmail.com,1,,
3,bhoomika,yzITESrKiuBrTHEIlXuAhqJuqlZWLPgTID]tYrYNaYEaetapUHTtgTq\_tEU\,bhoomika@gmail.com,1,,
4,rishi,Y[Sl\AdKoeUPa`NL[fPK[q\Tn[`TwCB^YOK_PBsfLXsQjoJx]gn[NRsJHgTE,rishi@gmail.com,1,,
5,bhavya,Tq^UJrL]HSA^aSR`\wHBxweBWYcIZNLZ\RsKfjOUN^LLnsCDwwcLOheQ[RiF,bhavya@gmail.com,1,,
6,smurali,oITESrKiuBrTHEIlXuAhqJuqlZWLPgTID]tYrYNaYEaetapUHTtgTq\_tEU\,smurali@gmail.com,0,,
7,chari,LpiDYPBGTwtQ`wTLeqKjOrxQw`pUFoPadob__iBSMV]BRObuYCCmAoj]Tgpu,chari@gmail.com,0,,
8,shank,GBoSUSmKCOgAeMwshRBsDkSr_uVQFgNN`HImvc^EqpLOOlwgMhfNRPWWnbWe,shank@gmail.com,0,,
9,athul,xxITESrKiuBrTHEIlXuAhqJuqlZWLPgTID]tYrYNaYEaetapUHTtgTq\_tEU\,athul@gmail.com,0,,
10,mux,sX\Wqqwf]kQiG`LcJIcw]\AYpjpheCCduqnkIErP]kS\iadnDHasrbhl\dDn,mux@gmail.com,0,,
11,Tracy,sX\Wqqwf]kQiG`LcJIcw]\AYpjpheCCduqnkIErP]kS\iadnDHasrbhl\dDn,mjones@rocha.com,0,,
12,Amy,IstvKAalVajpCdEw_bJJpY]MoZQQitasSdBCBKLwI`YLTX`VTalNDWFNvXRF,breanna96@davis.info,0,,
13,Robert,aibVHvXmE\DoJghTfdloRPeVgSgr_VaAWSrDcsWIacRV_OhmtKYUVpClk\nR,bonnieperez@yahoo.com,0,,
14,Kellie,\mprWPZKtEXTID`hupOrCJENR`lIonDwJ_^]L^jFEjnThl]AU\AAhemBKlBC,dkhan@graves.com,0,,
15,Tamara,hidXCGM_n_hqtbbhokrOWUBBZCCLaXtuFr^OCCjptK\wOCwnwobojLS`fLrb,kathryn19@yahoo.com,0,,
16,Paige,Sndn[MjeMNGn^]ROOfgDWeFHouplsHRxZiJ]^Q``pwvMZwJAfEPY^JrUsvmK,kimberly78@yahoo.com,0,,
17,Denise,EQNgHnbsDjCjdnN_wdfeUmTkwKGQ]\r[Ifl]uBwQKmcpHj[Z`CsJTuJZVG[Q,huertakimberly@thomas-cohen.com,0,,
18,Cathy,YqXrufNFdu^IwOXmLlxcJVBmVhSf^VPFTKlPnbOSkuUDEvDsYmYLLGCClkvN,rwarren@anderson.net,0,,
19,Cindy,RcQfeWxkssMUGPSHJNHS^_]VctPAXwMiEM[UOuFMtK^^WDVueo\JLDsqA_mn,michaelnguyen@adams.org,0,,
20,Janet,QU_XcQQc_UqP\rawrLxQiXMGFcgGCZQ\^DxFarItCMBhBgoIsnnZGL\veDvL,blowe@chase-mann.net,0,,
21,Mark,oYYDPFRuWDahLChrjWcxTpGINndxfiRqW_QpaQqKWRPZ^_n\JckmoVAhDkwH,ugomez@yahoo.com,0,,
22,Erik,Mos^xnPmxBpsakwNE]ggPcVmfEBUbTHkv]FPaB]TDKPrRCNkqriT\]]maMSh,yclark@gmail.com,0,,
23,Louis,xKaFUPiB]xsrZ]O]X_TlgOgvBhmZmAvACrjQO]cRGWA`E]rvs`UdTkxqgh`P,christopher11@gmail.com,0,,
24,Gina,LpiDYPBGTwtQ`wTLeqKjOrxQw`pUFoPadob__iBSMV]BRObuYCCmAoj]Tgpu,lambertkathleen@yahoo.com,0,,
25,Nancy,gCwmx[Vo]ZCCXQrkCoblHqQUfe`toDlOsgkithDTdJ\]GvDthdJnZBRGY`da,esanders@yahoo.com,0,,
26,Carlos,bIERhFis]CcPABEPcLNWl_fTaN^UuJRlLFGwrZTj^bJ`uGjPFocKc\IMPoio,nfernandez@nguyen-roth.com,0,,
27,Daniel,qUjWsCGqhoepO]l_uwvYvwBH[JE\EuolLT[aBV_]]f^V_Rn\cJmckxcVTZQi,hsmith@gmail.com,0,,
28,Brandy,GBoSUSmKCOgAeMwshRBsDkSr_uVQFgNN`HImvc^EqpLOOlwgMhfNRPWWnbWe,oanderson@gmail.com,0,,
29,Andrew,TM`f`MKwmGwseuIxfq[odUpcNusvsGqmEBYgcZg^ahBrLcNPIrQFrPkCxNXH,jonesstephen@hotmail.com,0,,
30,Joshua,LuXVlcYTPDOkD_RSfFiqaB]VLjPvvdOeHpNGF[GPIFYTildiBxPBKZgUmxDR,hollandjamie@herring-anderson.com,0,,
31,Casey,Tq^UJrL]HSA^aSR`\wHBxweBWYcIZNLZ\RsKfjOUN^LLnsCDwwcLOheQ[RiF,xperkins@barnes-brock.org,0,,
32,Travis,FTqDFdRqqw^H\XNocohYTU_oaSAKYDg_CBidEIettPajkROutfJl^]wAPadd,lrodriguez@yahoo.com,0,,
33,Victoria,XqjPDWCGnj[We`ejKeGlQXWeYn`fWfGOLwRdpSwfwJbW^FYnpLBZhWCZLOvH,brownkathy@miller.com,0,,
34,Susan,iSktvUskxGdTpxpREXYxuZVCqRAGZm_Gwa]_aZZLjbLKdeK^lFBSN^YTk`WM,alvaradostacy@davis.org,0,,
35,Jodi,_vfppJulJGkN[w_jq^hBHOCSiAHrTptS]uSYntFIQoEP^WNSFnb^onknfYxW,sergio94@fowler.com,0,,
36,Bradley,Y[Sl\AdKoeUPa`NL[fPK[q\Tn[`TwCB^YOK_PBsfLXsQjoJx]gn[NRsJHgTE,hilldiana@hotmail.com,0,,
37,Alice,uBjeStXKqkfmK\xwPrNlqELc^uY`KjRCgXrn_qwBMwkNvEulo^PXoBw`SZOZ,trevor22@rocha-walsh.info,0,,
38,Regina,JCrNPBhFkusdPCLORAkEBhwwAQJEwmxDCTgFkOHIpOjdKRd^pZrPf^dd`wfm,colliermeagan@yahoo.com,0,,
39,Steven,oITESrKiuBrTHEIlXuAhqJuqlZWLPgTID]tYrYNaYEaetapUHTtgTq\_tEU\,susan88@yahoo.com,0,,
40,Jessica,rQsIZuqke_]aUhKPbmFuiVkLVH`]pVgLdP]MWjrcEXBgSsowBQVI_O^jMDCW,wrightlauren@gmail.com,0,,
41,Sandra,GpGr[PSBI_HeqKhHiT^eMDg]qH_xuPNFELDPB\KZEjn]g^SUUAHrebqswCG^,allisonhouse@yahoo.com,0,,
42,Ashley,QnvPPlojXQCGkfVt^LHT]]CpeBmEPLRXYYvclgtDPJuPEh]kxmqVRUrBWdJO,caitlyn54@riley.org,0,,
43,Alan,IeTTijklZLUG\RFKOeRUUYnijKuTWtKTate`fwREJsrV`xtxVibKO_FnYoxN,tylerjenkins@hotmail.com,0,,
44,Sarah,FgCNHNCF]pghtwtIEIgkFS`mt_aLTosoHYOIeR]NKquhKxXnmSJXNAqFZKfO,baileyanthony@yahoo.com,0,,
45,Thomas,AYI`TuwbPhSRHlwkwf`R^PntrgQmb\KQHQJUGaGKIUN[Lhb^s`WEL^wrHlUr,elizabeth42@wells.com,0,,
46,William,VceJ\TNHnkJEkl]uXxwd\Z_jJwInxJ^GJ_vll]BfkHVTURPghPiprXwBZs\G,carrfrank@jacobs.com,0,,
47,Tyler,IV`HcCqUECJDpHVSrrC_pWsFiZQWNMgn]^mBf`fAI\vZ`hm_GbZvdtbmLl[g,dana30@hotmail.com,0,,
48,Annette,GSOOFhjfvVnQZjRIOdZxGgpafEcF]bbBjpwiUpmZnMVFaekEX[wFZpW[nVBC,durhamjennifer@hotmail.com,0,,
49,Sally,SA]cGqeHJvn\aWLQ`[KeI`Pfc[gYxHhcjVrWjM[S`HMtWBSmMQ^]SJGv^JTM,christophergarza@yahoo.com,0,,
50,Dustin,BwLEQhJoKgiE`YXmJSIPMvP]h]VDWSbVclYUkvacahxlCwTusTOR[iY_NrGm,matthewaguilar@hotmail.com,0,,
51,Ryan,bkvedEYCabaa^tSWieLDwWhtswFZIbfVhwewNRpgl`xxeIxc]SqOVnvMusAI,jenniferlittle@brown-maxwell.com,0,,
52,Zachary,SGQG[JJJdQD`hWI`cpFYxI\nOmQKmcDLCgJXUaEDBrxaFOprqRkNKAgqx]hJ,isanders@hendrix.com,0,,
53,Julia,Qnxrfa`AmZnwCqhnECeNTo\A`RYgceX[cIJDMpaiYaqchHVdksuLOhr`eRtZ,timothyhaynes@vasquez-reilly.com,0,,
54,Debbie,WBeHxYJBvBZgBCLbcgxY^BwRliwt[gYk^clUGH`qlwQrcfeelNhlXqkiZkp_,howecorey@yahoo.com,0,,
55,Alyssa,nRiKoo`K^mof[gDNu_BtXtjEG[jBe_f[FTUWvKCsVU]KLl]BKDbZAHRDETaK,jacobsoneric@gonzalez.biz,0,,
56,Andrea,pXqEaCOpAKBFdXaIBHUYMHZOnTvPboFnMAphaNboqqGstbUHwPfYUHebvePr,arowland@yahoo.com,0,,
57,Jill,\`cMOhimvkSndjqaXBUEWNK]nsMhakKWpVinn\DC[bGfsZYuccrVeBLJiKX_,christiantyler@yahoo.com,0,,
58,Randy,LdYrAxMUHBX^F`KBf`v_H[AXEwasoDrHLlTNQRDbLpkD\MDUYVOX]fIYifXx,jennifer82@smith.biz,0,,
59,Edward,n_^_cAt_YjRmMqhwTcZ]qjhpiWkQvOslwAEiSEoFIOZCWQJhRJrPTZwGfMuX,carolinedennis@evans.com,0,,
60,Sergio,`WNAVuVsqFjtu]tDqfGloiNqgqRuWHcUmGAcuhB_BAaxY]efCLNXkTRbTx_g,brianoneill@peck-howell.com,0,,
61,Jason,nDa[XAuCjAhd`[GZdXSOSrtPJ^MuXjYZe_DdAOUWnjhVsv^G`q]tImBUE]Yx,cassie83@gmail.com,0,,
62,Jason,DqRnf[uXVHLvClHUYRODrDbEPJBGfJKDDGQm]qNwBQauiWJKWTqiwdqwWcMW,michaelsims@bush.com,0,,
63,Kelsey,^MiWa`peMuutfIlWNvrnB^^^ODlWGPaZr^^CXYk[mexKseYN[huAP_CdhAjI,fieldssandra@fisher.net,0,,
64,Marc,oeZniOuZefX^okJwIX`GMpqPnjdCvl^gPXakgUQftTG_NQrBNfNwsph]WDPP,boconnor@hotmail.com,0,,
65,Adam,YjmBDjuQDArGmZ_LKIEdNPOOisAgp]daViYLIZq\N[]CnxdXOuMkXDsirZaf,jessealvarez@ferguson.net,0,,
66,Victoria,\te`[NMAIhYsuKfMFcuiMmpO^TwxHa[WUP\vYph^rxRv]BeVWamrxXlMVFDc,stanleyjohn@chan.com,0,,
67,Andrew,cVpJSxDoNHTFHJYOYdZXnMRhgHGcs`ZLkqEhNYAns[TrLO]tAnKLtGSLUuEt,danieloliver@sanford.com,0,,
68,John,BbO]whKkGQUk\MIOr]bbfCRMuMmQhLKP_dOSMCbsKJ^ciwDYTDlOk\j_ir^b,claudia69@hotmail.com,0,,
69,Bobby,otcmjPTI^]ns\PMaUVxpt`allrbWeduD_IpaPleHoCR_YYFiimcqpwM\J[iA,derrick08@lee.biz,0,,
,,,,,,
id,comment,user_id,posted_at,post_id,,
1,Sup bro,68,25-03-2019 11:04,1,,
2,Hello Ziyan,12,25-03-2019 11:10,1,,
3,Chilling bro,13,25-03-2019 11:10,2,,
4,Yeah man!! Social network is the best!!,24,23-03-2019 02:12,4,,
,,,,,,
id,user_id,follower_id,,,,
1,1,9,,,,
2,1,62,,,,
3,1,60,,,,
4,1,47,,,,
5,1,48,,,,
6,1,27,,,,
7,1,29,,,,
8,1,14,,,,
9,2,13,,,,
10,2,67,,,,
11,2,14,,,,
12,2,7,,,,
13,2,57,,,,
14,2,20,,,,
15,2,33,,,,
16,2,53,,,,
17,3,34,,,,
18,3,70,,,,
19,3,65,,,,
20,3,31,,,,
21,3,39,,,,
22,3,24,,,,
23,3,53,,,,
24,3,48,,,,
25,4,59,,,,
26,4,49,,,,
27,4,15,,,,
28,4,49,,,,
29,4,8,,,,
30,4,61,,,,
31,4,52,,,,
32,4,69,,,,
33,4,61,,,,
34,5,55,,,,
35,5,21,,,,
36,5,27,,,,
37,5,33,,,,
38,5,58,,,,
39,5,53,,,,
40,6,28,,,,
41,6,60,,,,
42,6,31,,,,
43,6,16,,,,
44,6,48,,,,
45,6,29,,,,
46,6,54,,,,
47,6,69,,,,
48,7,3,,,,
49,7,25,,,,
50,7,1,,,,
51,7,39,,,,
52,7,1,,,,
53,7,3,,,,
54,7,24,,,,
55,7,23,,,,
56,8,50,,,,
57,8,68,,,,
58,8,20,,,,
59,8,11,,,,
60,8,39,,,,
61,9,22,,,,
62,10,23,,,,
63,10,70,,,,
64,10,50,,,,
65,11,13,,,,
66,11,58,,,,
67,11,35,,,,
68,11,51,,,,
69,11,17,,,,
70,11,43,,,,
71,12,11,,,,
72,12,63,,,,
73,13,25,,,,
74,14,63,,,,
75,14,41,,,,
76,14,27,,,,
77,14,37,,,,
78,14,3,,,,
79,14,25,,,,
80,15,23,,,,
81,15,33,,,,
82,15,40,,,,
83,15,1,,,,
84,15,3,,,,
85,15,16,,,,
86,15,18,,,,
87,15,57,,,,
88,16,44,,,,
89,17,56,,,,
90,17,58,,,,
91,17,63,,,,
92,17,37,,,,
93,17,49,,,,
94,17,64,,,,
95,17,65,,,,
96,18,34,,,,
97,18,16,,,,
98,18,49,,,,
99,18,38,,,,
100,18,4,,,,
101,18,22,,,,
102,18,16,,,,
103,18,33,,,,
104,19,44,,,,
105,20,2,,,,
106,20,27,,,,
107,20,30,,,,
108,20,47,,,,
109,20,17,,,,
110,20,34,,,,
111,21,69,,,,
112,21,15,,,,
113,21,17,,,,
114,21,24,,,,
115,21,16,,,,
116,21,20,,,,
117,21,58,,,,
118,21,63,,,,
119,21,58,,,,
120,21,15,,,,
121,22,58,,,,
122,22,13,,,,
123,22,40,,,,
124,22,43,,,,
125,22,25,,,,
126,22,59,,,,
127,22,4,,,,
128,23,15,,,,
129,23,13,,,,
130,23,2,,,,
131,23,68,,,,
132,23,68,,,,
133,23,27,,,,
134,23,33,,,,
135,24,19,,,,
136,25,35,,,,
137,25,61,,,,
138,25,48,,,,
139,25,20,,,,
140,25,56,,,,
141,25,53,,,,
142,25,36,,,,
143,25,23,,,,
144,25,69,,,,
145,25,69,,,,
146,26,25,,,,
147,27,59,,,,
148,27,15,,,,
149,27,68,,,,
150,27,9,,,,
151,27,61,,,,
,,,,,,
id,token,user_id,,,,
1,"611b90be6cafe8d1179d2f29778b0610059cc713
                       ",1,,,,
2,922b90be6cafe8d1179d2f29778b0610059cc713                        ,2,,,,
4,e20d22bc741b662cfe9f17fdf106b5c1e8791196                        ,3,,,,
,,,,,,
id,body,sender,receiver,read,,
1,Hi. How are you??,1,2,1,,
2,I am good bro. What about you??,2,1,1,,
3,Bad bro. Down with Dengue,1,2,1,,
4,Take care bro. I will see you soon.,2,1,1,,
5,Thanks man.,1,2,0,,
,,,,,,
id,type,receiver,sender,extra,,
1,3,2,1,,,
2,3,1,2,,,
3,3,2,1,,,
4,3,1,2,,,
5,1,4,34,,,
6,1,1,11,,,
7,1,1,22,,,
8,2,1,34,,,
,,,,,,
id,token,user_id,,,,
1,711b90be6fkce8d1179d2f29778b0610059cc713                        ,1,,,,
2,681b90be6fkce8d1179d2f29778b0610059cc713                        ,2,,,,
3,2abb90be6fkce8d1179d2f29778b0610059cc713                        ,3,,,,
,,,,,,
id,body,posted_at,user_id,likes,postimg,topics
1,Hey guys!!,25-03-2019 11:03,1,0,,#newtothis
2,What is up,25-03-2019 11:05,1,8,,#howslife
3,Hey man,22-03-2019 17:05,4,2,,#newtothis
4,Social network for lyf!,23-03-2019 12:25,3,3,,#party
,,,,,,
id,post_id,user_id,,,,
1,2,34,,,,
2,2,36,,,,
3,2,45,,,,
4,2,13,,,,
5,2,56,,,,
6,2,24,,,,
7,2,11,,,,
8,2,22,,,,
9,3,22,,,,
10,3,34,,,,
11,3,45,,,,
12,3,54,,,,
13,4,54,,,,
,,,,,,
,,,,,,
